protein_id,predictor,position,score
DP00546,iupred_short,1,0.9665
DP00546,iupred_short,2,0.9553
DP00546,iupred_short,3,0.9235
DP00546,iupred_short,4,0.904
DP00546,iupred_short,5,0.8781
DP00546,iupred_short,6,0.8556
DP00546,iupred_short,7,0.8242
DP00546,iupred_short,8,0.7644
DP00546,iupred_short,9,0.7317
DP00546,iupred_short,10,0.7034
DP00546,iupred_short,11,0.6715
DP00546,iupred_short,12,0.6374
DP00546,iupred_short,13,0.6334
DP00546,iupred_short,14,0.6442
DP00546,iupred_short,15,0.687
DP00546,iupred_short,16,0.7111
DP00546,iupred_short,17,0.7079
DP00546,iupred_short,18,0.7111
DP00546,iupred_short,19,0.7147
DP00546,iupred_short,20,0.7458
DP00546,iupred_short,21,0.7605
DP00546,iupred_short,22,0.754
DP00546,iupred_short,23,0.7573
DP00546,iupred_short,24,0.7501
DP00546,iupred_short,25,0.7317
DP00546,iupred_short,26,0.6827
DP00546,iupred_short,27,0.687
DP00546,iupred_short,28,0.6715
DP00546,iupred_short,29,0.6557
DP00546,iupred_short,30,0.6516
DP00546,iupred_short,31,0.6516
DP00546,iupred_short,32,0.6944
DP00546,iupred_short,33,0.6789
DP00546,iupred_short,34,0.6756
DP00546,iupred_short,35,0.6334
DP00546,iupred_short,36,0.6255
DP00546,iupred_short,37,0.6079
DP00546,iupred_short,38,0.5711
DP00546,iupred_short,39,0.5412
DP00546,iupred_short,40,0.5084
DP00546,iupred_short,41,0.4749
DP00546,iupred_short,42,0.4825
DP00546,iupred_short,43,0.5084
DP00546,iupred_short,44,0.4651
DP00546,iupred_short,45,0.4967
DP00546,iupred_short,46,0.5253
DP00546,iupred_short,47,0.5084
DP00546,iupred_short,48,0.5583
DP00546,iupred_short,49,0.5762
DP00546,iupred_short,50,0.5802
DP00546,iupred_short,51,0.5802
DP00546,iupred_short,52,0.5549
DP00546,iupred_short,53,0.5711
DP00546,iupred_short,54,0.5331
DP00546,iupred_short,55,0.5846
DP00546,iupred_short,56,0.5412
DP00546,iupred_short,57,0.59
DP00546,iupred_short,58,0.6174
DP00546,iupred_short,59,0.6334
DP00546,iupred_short,60,0.6557
DP00546,iupred_short,61,0.6756
DP00546,iupred_short,62,0.6756
DP00546,iupred_short,63,0.6906
DP00546,iupred_short,64,0.7501
DP00546,iupred_short,65,0.7192
DP00546,iupred_short,66,0.7573
DP00546,iupred_short,67,0.7951
DP00546,iupred_short,68,0.8036
DP00546,iupred_short,69,0.7772
DP00546,iupred_short,70,0.8001
DP00546,iupred_short,71,0.7688
DP00546,iupred_short,72,0.7817
DP00546,iupred_short,73,0.7817
DP00546,iupred_short,74,0.8311
DP00546,iupred_short,75,0.8283
DP00546,iupred_short,76,0.865
DP00546,iupred_short,77,0.8521
DP00546,iupred_short,78,0.8391
DP00546,iupred_short,79,0.8457
DP00546,iupred_short,80,0.8036
DP00546,iupred_short,81,0.8118
DP00546,iupred_short,82,0.7951
DP00546,iupred_short,83,0.7342
DP00546,iupred_short,84,0.7232
DP00546,iupred_short,85,0.7501
DP00546,iupred_short,86,0.6756
DP00546,iupred_short,87,0.6412
DP00546,iupred_short,88,0.6255
DP00546,iupred_short,89,0.6474
DP00546,iupred_short,90,0.6174
DP00546,iupred_short,91,0.6412
DP00546,iupred_short,92,0.6219
DP00546,iupred_short,93,0.6255
DP00546,iupred_short,94,0.6124
DP00546,iupred_short,95,0.6124
DP00546,iupred_short,96,0.6079
DP00546,iupred_short,97,0.5667
DP00546,iupred_short,98,0.5802
DP00546,iupred_short,99,0.5623
DP00546,iupred_short,100,0.59
DP00546,iupred_short,101,0.5623
DP00546,iupred_short,102,0.5711
DP00546,iupred_short,103,0.5583
DP00546,iupred_short,104,0.5008
DP00546,iupred_short,105,0.4918
DP00546,iupred_short,106,0.5473
DP00546,iupred_short,107,0.5473
DP00546,iupred_short,108,0.5331
DP00546,iupred_short,109,0.5331
DP00546,iupred_short,110,0.5331
DP00546,iupred_short,111,0.5296
DP00546,iupred_short,112,0.5802
DP00546,iupred_short,113,0.5549
DP00546,iupred_short,114,0.5296
DP00546,iupred_short,115,0.5173
DP00546,iupred_short,116,0.5126
DP00546,iupred_short,117,0.5583
DP00546,iupred_short,118,0.5514
DP00546,iupred_short,119,0.5549
DP00546,iupred_short,120,0.5623
DP00546,iupred_short,121,0.5762
DP00546,iupred_short,122,0.5173
DP00546,iupred_short,123,0.5412
DP00546,iupred_short,124,0.5941
DP00546,iupred_short,125,0.5331
DP00546,iupred_short,126,0.5296
DP00546,iupred_short,127,0.4703
DP00546,iupred_short,128,0.4703
DP00546,iupred_short,129,0.46
DP00546,iupred_short,130,0.4651
DP00546,iupred_short,131,0.46
DP00546,iupred_short,132,0.4037
DP00546,iupred_short,133,0.4078
DP00546,iupred_short,134,0.3717
DP00546,iupred_short,135,0.3184
DP00546,iupred_short,136,0.3005
DP00546,iupred_short,137,0.3005
DP00546,iupred_short,138,0.3096
DP00546,iupred_short,139,0.282
DP00546,iupred_short,140,0.2913
DP00546,iupred_short,141,0.2041
DP00546,iupred_short,142,0.2657
DP00546,iupred_short,143,0.2748
DP00546,iupred_short,144,0.2483
DP00546,iupred_short,145,0.2748
DP00546,iupred_short,146,0.2333
DP00546,iupred_short,147,0.3184
DP00546,iupred_short,148,0.3184
DP00546,iupred_short,149,0.3263
DP00546,iupred_short,150,0.2483
DP00546,iupred_short,151,0.2385
DP00546,iupred_short,152,0.3096
DP00546,iupred_short,153,0.3146
DP00546,iupred_short,154,0.3399
DP00546,iupred_short,155,0.4078
DP00546,iupred_short,156,0.4203
DP00546,iupred_short,157,0.3456
DP00546,iupred_short,158,0.2657
DP00546,iupred_short,159,0.3005
DP00546,iupred_short,160,0.2657
DP00546,iupred_short,161,0.2865
DP00546,iupred_short,162,0.208
DP00546,iupred_short,163,0.1958
DP00546,iupred_short,164,0.1566
DP00546,iupred_short,165,0.1844
DP00546,iupred_short,166,0.2209
DP00546,iupred_short,167,0.2531
DP00546,iupred_short,168,0.3005
DP00546,iupred_short,169,0.3399
DP00546,iupred_short,170,0.4703
DP00546,iupred_short,171,0.5173
DP00546,iupred_short,172,0.5473
DP00546,iupred_short,173,0.5802
DP00546,iupred_short,174,0.6516
DP00546,iupred_short,175,0.687
